cervical cancer,Cancers
Kidney Failure,Kidney Diseases
Diabetes Mellitus,Diabetes
Anal carcinoma,Cancers
Carcinoma of anal margin,Cancers
Carcinoma,Cancers
Coronary Arteriosclerosis,Heart Diseases
Gallbladder Well Differentiated Endocrine Tumor/Carcinoma,Cancers
Lip and Oral Cavity Carcinoma,Cancers
Oral Cavity Carcinoma,Cancers
Heart failure,Heart Diseases
Coronary Artery Disease,Heart Diseases
Coronary heart disease,Heart Diseases
Renal Cell Carcinoma,Cancers
Childhood Acute Lymphoblastic Leukemia,Cancers
Childhood Soft Tissue Sarcoma,Cancers
Atrial Fibrillation,Heart Diseases
Chronic kidney disease stage 5,Kidney Diseases
Oropharyngeal Carcinoma,Cancers
Adenocarcinoma,Cancers
Cervical Adenocarcinoma,Cancers
Ductal Carcinoma,Cancers
Adenocarcinoma of anus,Cancers
Duodenal Cancer,Cancers
Cervix carcinoma,Cancers
Carotid Artery Diseases,Heart Diseases
Glycogen Storage Disease Type VI,Liver Diseases
Breast Carcinoma,Cancers
Congestive heart failure,Heart Diseases
Endometrial Carcinoma,Cancers
Chronic Kidney Diseases,Kidney Diseases
Anal squamous cell carcinoma,Cancers
Malignant mesothelioma,Cancers
Malignant Pleural Mesothelioma,Cancers
Squamous cell carcinoma,Cancers
Squamous cell carcinoma - category,Cancers
Carcinoma of Male Breast,Cancers
Childhood Breast Carcinoma,Cancers
End Stage Liver Disease,Liver Diseases
Nasopharyngeal carcinoma,Cancers
Carcinoma of anal canal,Cancers
Infant Acute Lymphoblastic Leukemia,Cancers
Carcinoma of soft palate,Cancers
Carcinoma of lung,Cancers
Metastatic Prostate Carcinoma,Cancers
Pancreatic carcinoma,Cancers
Prostate carcinoma,Cancers
Colon Carcinoma,Cancers
Colorectal Carcinoma,Cancers
Urethral Carcinoma,Cancers
Carcinoma of subglottis,Cancers
Conventional (Clear Cell) Renal Cell Carcinoma,Cancers
Experimental Organism Basal Cell Carcinoma,Cancers
Maxillary Sinus Carcinoma,Cancers
Thyroid carcinoma,Cancers
Bronchioloalveolar Adenocarcinoma,Cancers
CARCINOMA OF VULVA,Cancers
Prediabetes syndrome,Diabetes
Carcinoma of bladder,Cancers
Malignant melanoma of anus,Cancers
melanoma,Cancers
Renal Pelvis Carcinoma,Cancers
Adrenal Cancer,Cancers
Diabetes with coma (disorder),Diabetes
Nasal cavity carcinoma,Cancers
Retroperitoneal Carcinoma,Cancers
Skin Basal Cell Carcinoma,Cancers
Acute Kidney Insufficiency,Kidney Diseases
Non-Small Cell Lung Carcinoma,Cancers
Cancer Other,Cancers
Childhood Bladder Carcinoma,Cancers
Gestational Diabetes,Diabetes
Pre-Gestational Diabetes,Diabetes
Basal cell carcinoma,Cancers
Carcinoma in Situ,Cancers
Cystic Kidney Diseases,Kidney Diseases
Endometrial Endometrioid Adenocarcinoma,Cancers
Kidney Diseases,Kidney Diseases
Medullary carcinoma of thyroid,Cancers
Papillary Serous Cystadenocarcinoma,Cancers
Parathyroid Gland Adenocarcinoma,Cancers
Polycystic liver disease,Liver Diseases
Renal cell carcinoma 1,Cancers
Squamous Cell Carcinoma of Unknown Primary,Cancers
Uterine Cancer,Cancers
Canine Transitional Cell Carcinoma,Cancers
Chronic Kidney Insufficiency,Kidney Diseases
Gastroesophageal Junction Adenocarcinoma,Cancers
Heart Diseases,Heart Diseases
Hypopharyngeal Cancer,Cancers
Hypopharyngeal Carcinoma,Cancers
Left-Sided Heart Failure,Heart Diseases
Lentigo maligna melanoma,Cancers
Malignant Kidney Mixed Epithelial and Stromal Tumor,Cancers
Pituitary carcinoma,Cancers
Primary Prostate Urothelial Carcinoma,Cancers
Stage I Lung Non-Small Cell Cancer AJCC v7,Cancers
Transitional cell carcinoma of kidney,Cancers
Transitional cell carcinoma of ureter,Cancers
bilateral breast cancer,Cancers
Carcinoma of supraglottis,Cancers
Endocervical Carcinoma,Cancers
Heart valve disease,Heart Diseases
Invasive Ductal Breast Carcinoma,Cancers
Liver Cirrhosis,Liver Diseases
Non-small cell carcinoma,Cancers
Paranasal Sinus Cancer,Cancers
Polycystic Kidney Diseases,Kidney Diseases
Squamous cell carcinoma of buccal mucosa,Cancers
Stage I Uterine Corpus Cancer AJCC v6,Cancers
Adenocarcinoma of prostate,Cancers
Carcinoma in situ of penis,Cancers
Cervical Adenocarcinoma In Situ,Cancers
Dipsogenic Diabetes Insipidus,Diabetes
Endometrioid carcinoma of prostate,Cancers
Liver diseases,Liver Diseases
Luminal A Breast Carcinoma,Cancers
Luminal B Breast Carcinoma,Cancers
Lung Hilum Carcinoma,Cancers
Metastatic Colon Adenocarcinoma,Cancers
Metastatic Gastric Adenocarcinoma,Cancers
Metastatic Lung Carcinoma,Cancers
Metastatic Prostate Adenocarcinoma,Cancers
Metastatic Rectal Adenocarcinoma,Cancers
Noninfiltrating Intraductal Carcinoma,Cancers
Papillary carcinoma in situ,Cancers
Papillary carcinoma of the breast,Cancers
Papillary Carcinoma of the Penis,Cancers
Parotid Gland Carcinoma,Cancers
Prostate Acinar Adenocarcinoma,Cancers
Stage 0 Colon Cancer AJCC v6 and v7,Cancers
Stage 0 Lip Carcinoma,Cancers
Stage 0 Pharynx Carcinoma,Cancers
Stage I Pharyngeal Cancer,Cancers
Stage I Prostate Adenocarcinoma AJCC v7,Cancers
Stage II Lung Non-Small Cell Cancer AJCC v7,Cancers
Stage II Pharynx Carcinoma,Cancers
Adenoid Cystic Breast Carcinoma,Cancers
Bladder Urachal Carcinoma,Cancers
Breast Adenocarcinoma,Cancers
Cancer of Nasopharynx,Cancers
Chronic liver disease,Liver Diseases
Endometrial Serous Adenocarcinoma,Cancers
Gallbladder Carcinoma,Cancers
Genitourinary Cancer,Cancers
Infratentorial Cancer,Cancers
Invasive Carcinoma,Cancers
Invasive carcinoma of breast,Cancers
Invasive Prostate Carcinoma,Cancers
Labia Minora Carcinoma,Cancers
Papillary renal cell carcinoma type 2,Cancers
Precancerous Polyp,Cancers
Stage I Carcinoma of Bladder,Cancers
Stage I Nasopharyngeal Carcinoma,Cancers
Stage II Bladder Cancer AJCC v6 and v7,Cancers
Stage IV Thyroid Gland Papillary Carcinoma AJCC v7,Cancers
Type 1 Papillary Renal Cell Carcinoma,Cancers
Acute Coronary Syndrome,Heart Diseases
Breast Carcinoma Metastatic in the Bone,Cancers
Breast Carcinoma Metastatic in the Liver,Cancers
Breast Carcinoma Metastatic in the Spine,Cancers
Carcinoma breast stage IV,Cancers
Carcinoma in situ of uterine cervix,Cancers
Carcinoma of glottis,Cancers
Carcinoma of unknown primary,Cancers
Carcinomatosis,Cancers
Cervical Mucinous Adenocarcinoma,Cancers
Cervical Serous Adenocarcinoma,Cancers
Childhood Esophageal Carcinoma,Cancers
Chronic kidney disease stage 1,Kidney Diseases
Chronic kidney disease stage 2,Kidney Diseases
Coronary Stenosis,Heart Diseases
Endometrial adenocarcinoma,Cancers
Esophageal carcinoma,Cancers
Feline Bronchioloalveolar Lung Carcinoma,Cancers
Grade 1 Colon Adenocarcinoma,Cancers
Grade 1 Rectal Adenocarcinoma,Cancers
Grade 2 Colon Adenocarcinoma,Cancers
Grade 2 Colorectal Adenocarcinoma,Cancers
Grade 2 Rectal Adenocarcinoma,Cancers
Infiltrating papillary adenocarcinoma,Cancers
Intraepithelial Squamous Cell Carcinoma,Cancers
Invasive Lobular Breast Carcinoma,Cancers
Liver Failure,Liver Diseases
Low Grade Ductal Breast Carcinoma In Situ,Cancers
Lung Spindle Cell Carcinoma,Cancers
Malignant melanoma of vulva,Cancers
Meningeal Carcinomatosis,Cancers
Metastatic Endometrial Carcinoma,Cancers
Moderately Differentiated Prostate Adenocarcinoma,Cancers
Nonocclusive coronary artery atherosclerosis,Heart Diseases
Non-Small Cell Adenocarcinoma,Cancers
Pancreatic Moderately Differentiated Ductal Adenocarcinoma,Cancers
Pleural Carcinomatosis,Cancers
Polycystic kidney disease,Kidney Diseases
POLYCYSTIC KIDNEY DISEASE 1,Kidney Diseases
POLYCYSTIC KIDNEY DISEASE 4,Kidney Diseases
POLYCYSTIC KIDNEY DISEASE 5,Kidney Diseases
Premature coronary artery atherosclerosis,Heart Diseases
Rectal Sarcomatoid Carcinoma,Cancers
Rectosigmoid Carcinoma,Cancers
Recurrent Vulvar Carcinoma,Cancers
Sarcomatoid Carcinoma of the Penis,Cancers
Small cell carcinoma of lung,Cancers
Small intestine carcinoma,Cancers
Stage 0 Bladder Urothelial Carcinoma AJCC v6 and v7,Cancers
Stage 0 Non-Small Cell Lung Cancer AJCC v6 and v7,Cancers
Stage I Bladder Urothelial Carcinoma AJCC v6 and v7,Cancers
Stage I Esophageal Cancer,Cancers
Stage I Lung Small Cell Carcinoma AJCC v7,Cancers
Stage IA Uterine Corpus Cancer AJCC v7,Cancers
Stage II Bladder Urothelial Carcinoma AJCC v6 and v7,Cancers
Stage IV Bladder Urothelial Carcinoma AJCC v7,Cancers
Thymic Sarcomatoid Carcinoma,Cancers
Transitional cell carcinoma of bladder,Cancers
Type II Endometrial Adenocarcinoma,Cancers
Undifferentiated Carcinoma of Colon,Cancers
Well Differentiated Prostate Adenocarcinoma,Cancers
Acute lymphocytic leukemia,Cancers
Adult Hepatocellular Carcinoma,Cancers
Bilateral Carcinoma,Cancers
Buccal Mucosa Verrucous Carcinoma,Cancers
Canine Hepatocellular Carcinoma,Cancers
Cervical Clear Cell Adenocarcinoma,Cancers
Childhood Hepatocellular Carcinoma,Cancers
Contralateral Breast Carcinoma,Cancers
Ductal Breast Carcinoma,Cancers
Ductal Carcinoma In Situ with Microinvasion,Cancers
Exocervical Carcinoma,Cancers
Extrapulmonary Small Cell Carcinoma,Cancers
Labia Majora Carcinoma,Cancers
Liver carcinoma,Cancers
Metastatic Anal Canal Carcinoma,Cancers
Metastatic Carcinoma,Cancers
Metastatic Colon Carcinoma,Cancers
Metastatic Lip Carcinoma,Cancers
Metastatic Penile Cancer,Cancers
Sebaceous Adenocarcinoma,Cancers
Thyroid Gland Adenocarcinoma,Cancers
Unilateral Breast Carcinoma,Cancers
Verrucous carcinoma,Cancers
